asset_1,asset_2,correlation,absolute_correlation
TCS.NS,INFY.NS,0.7300616904617186,0.7300616904617186
HDFCBANK.NS,ICICIBANK.NS,0.48698525194637193,0.48698525194637193
RELIANCE.NS,LT.NS,0.43196360251152455,0.43196360251152455
ICICIBANK.NS,LT.NS,0.41145784859530776,0.41145784859530776
HDFCBANK.NS,LT.NS,0.4105376946158417,0.4105376946158417
HDFCBANK.NS,RELIANCE.NS,0.3667140814450939,0.3667140814450939
ICICIBANK.NS,RELIANCE.NS,0.34666731944065077,0.34666731944065077
TCS.NS,LT.NS,0.29949215913011135,0.29949215913011135
INFY.NS,LT.NS,0.29861215007208497,0.29861215007208497
RELIANCE.NS,TCS.NS,0.26741302346202295,0.26741302346202295
HDFCBANK.NS,INFY.NS,0.25763021260373214,0.25763021260373214
RELIANCE.NS,INFY.NS,0.2565469728129792,0.2565469728129792
HDFCBANK.NS,TCS.NS,0.2296218357528015,0.2296218357528015
ICICIBANK.NS,INFY.NS,0.22115285924303713,0.22115285924303713
ICICIBANK.NS,TCS.NS,0.20836701469280805,0.20836701469280805
