date,regime
2021-11-03,calm
2021-11-04,calm
2021-11-08,calm
2021-11-09,calm
2021-11-10,calm
2021-11-11,calm
2021-11-12,calm
2021-11-15,calm
2021-11-16,calm
2021-11-17,calm
2021-11-18,calm
2021-11-22,calm
2021-11-23,calm
2021-11-24,calm
2021-11-25,calm
2021-11-26,normal
2021-11-29,calm
2021-11-30,calm
2021-12-01,calm
2021-12-02,calm
2021-12-03,calm
2021-12-06,normal
2021-12-07,stress
2021-12-08,stress
2021-12-09,calm
2021-12-10,calm
2021-12-13,calm
2021-12-14,calm
2021-12-15,calm
2021-12-16,calm
2021-12-17,calm
2021-12-20,normal
2021-12-21,stress
2021-12-22,stress
2021-12-23,stress
2021-12-24,calm
2021-12-27,calm
2021-12-28,calm
2021-12-29,calm
2021-12-30,calm
2021-12-31,calm
2022-01-03,stress
2022-01-04,calm
2022-01-05,calm
2022-01-06,calm
2022-01-07,calm
2022-01-10,calm
2022-01-11,calm
2022-01-12,calm
2022-01-13,calm
2022-01-14,calm
2022-01-17,calm
2022-01-18,calm
2022-01-19,calm
2022-01-20,calm
2022-01-21,calm
2022-01-24,normal
2022-01-25,calm
2022-01-27,normal
2022-01-28,calm
2022-01-31,stress
2022-02-01,stress
2022-02-02,calm
2022-02-03,calm
2022-02-04,calm
2022-02-07,normal
2022-02-08,calm
2022-02-09,stress
2022-02-10,stress
2022-02-11,normal
2022-02-14,normal
2022-02-15,stress
2022-02-16,stress
2022-02-17,stress
2022-02-18,stress
2022-02-21,stress
2022-02-22,normal
2022-02-23,stress
2022-02-24,normal
2022-02-25,stress
2022-02-28,stress
2022-03-02,stress
2022-03-03,stress
2022-03-04,stress
2022-03-07,normal
2022-03-08,stress
2022-03-09,stress
2022-03-10,stress
2022-03-11,stress
2022-03-14,stress
2022-03-15,stress
2022-03-16,stress
2022-03-17,stress
2022-03-21,stress
2022-03-22,stress
2022-03-23,stress
2022-03-24,stress
2022-03-25,stress
2022-03-28,stress
2022-03-29,stress
2022-03-30,stress
2022-03-31,stress
2022-04-01,stress
2022-04-04,stress
2022-04-05,calm
2022-04-06,calm
2022-04-07,normal
2022-04-08,calm
2022-04-11,calm
2022-04-12,calm
2022-04-13,calm
2022-04-18,normal
2022-04-19,normal
2022-04-20,stress
2022-04-21,stress
2022-04-22,normal
2022-04-25,normal
2022-04-26,stress
2022-04-27,normal
2022-04-28,stress
2022-04-29,normal
2022-05-02,stress
2022-05-04,normal
2022-05-05,normal
2022-05-06,normal
2022-05-09,normal
2022-05-10,normal
2022-05-11,normal
2022-05-12,normal
2022-05-13,normal
2022-05-16,normal
2022-05-17,stress
2022-05-18,normal
2022-05-19,normal
2022-05-20,stress
2022-05-23,stress
2022-05-24,stress
2022-05-25,normal
2022-05-26,stress
2022-05-27,stress
2022-05-30,stress
2022-05-31,stress
2022-06-01,stress
2022-06-02,stress
2022-06-03,stress
2022-06-06,stress
2022-06-07,normal
2022-06-08,stress
2022-06-09,stress
2022-06-10,normal
2022-06-13,normal
2022-06-14,stress
2022-06-15,stress
2022-06-16,normal
2022-06-17,normal
2022-06-20,normal
2022-06-21,stress
2022-06-22,normal
2022-06-23,stress
2022-06-24,stress
2022-06-27,stress
2022-06-28,normal
2022-06-29,normal
2022-06-30,normal
2022-07-01,normal
2022-07-04,normal
2022-07-05,normal
2022-07-06,normal
2022-07-07,stress
2022-07-08,stress
2022-07-11,normal
2022-07-12,normal
2022-07-13,normal
2022-07-14,normal
2022-07-15,normal
2022-07-18,stress
2022-07-19,normal
2022-07-20,stress
2022-07-21,normal
2022-07-22,normal
2022-07-25,normal
2022-07-26,normal
2022-07-27,stress
2022-07-28,stress
2022-07-29,stress
2022-08-01,calm
2022-08-02,calm
2022-08-03,calm
2022-08-04,calm
2022-08-05,calm
2022-08-08,calm
2022-08-10,calm
2022-08-11,calm
2022-08-12,calm
2022-08-16,calm
2022-08-17,calm
2022-08-18,calm
2022-08-19,calm
2022-08-22,calm
2022-08-23,calm
2022-08-24,calm
2022-08-25,calm
2022-08-26,calm
2022-08-29,calm
2022-08-30,stress
2022-09-01,normal
2022-09-02,calm
2022-09-05,calm
2022-09-06,calm
2022-09-07,calm
2022-09-08,calm
2022-09-09,calm
2022-09-12,calm
2022-09-13,calm
2022-09-14,calm
2022-09-15,calm
2022-09-16,normal
2022-09-19,calm
2022-09-20,stress
2022-09-21,calm
2022-09-22,normal
2022-09-23,normal
2022-09-26,normal
2022-09-27,normal
2022-09-28,normal
2022-09-29,normal
2022-09-30,stress
2022-10-03,normal
2022-10-04,stress
2022-10-06,stress
2022-10-07,normal
2022-10-10,stress
2022-10-11,normal
2022-10-12,stress
2022-10-13,normal
2022-10-14,stress
2022-10-17,stress
2022-10-18,stress
2022-10-19,calm
2022-10-20,calm
2022-10-21,calm
2022-10-24,stress
2022-10-25,calm
2022-10-27,calm
2022-10-28,calm
2022-10-31,calm
2022-11-01,calm
2022-11-02,calm
2022-11-03,calm
2022-11-04,calm
2022-11-07,calm
2022-11-09,calm
2022-11-10,calm
2022-11-11,stress
2022-11-14,calm
2022-11-15,calm
2022-11-16,calm
2022-11-17,calm
2022-11-18,calm
2022-11-21,calm
2022-11-22,calm
2022-11-23,calm
2022-11-24,calm
2022-11-25,calm
2022-11-28,calm
2022-11-29,calm
2022-11-30,calm
2022-12-01,calm
2022-12-02,calm
2022-12-05,calm
2022-12-06,calm
2022-12-07,calm
2022-12-08,calm
2022-12-09,calm
2022-12-12,calm
2022-12-13,calm
2022-12-14,calm
2022-12-15,calm
2022-12-16,calm
2022-12-19,calm
2022-12-20,calm
2022-12-21,calm
2022-12-22,calm
2022-12-23,calm
2022-12-26,calm
2022-12-27,calm
2022-12-28,calm
2022-12-29,calm
2022-12-30,calm
2023-01-02,calm
2023-01-03,calm
2023-01-04,calm
2023-01-05,calm
2023-01-06,calm
2023-01-09,calm
2023-01-10,calm
2023-01-11,calm
2023-01-12,calm
2023-01-13,calm
2023-01-16,calm
2023-01-17,calm
2023-01-18,calm
2023-01-19,calm
2023-01-20,calm
2023-01-23,calm
2023-01-24,calm
2023-01-25,calm
2023-01-27,calm
2023-01-30,calm
2023-01-31,calm
2023-02-01,calm
2023-02-02,calm
2023-02-03,calm
2023-02-06,calm
2023-02-07,calm
2023-02-08,calm
2023-02-09,calm
2023-02-10,calm
2023-02-13,calm
2023-02-14,calm
2023-02-15,calm
2023-02-16,calm
2023-02-17,calm
2023-02-20,calm
2023-02-21,calm
2023-02-22,calm
2023-02-23,calm
2023-02-24,calm
2023-02-27,calm
2023-02-28,calm
2023-03-01,calm
2023-03-02,calm
2023-03-03,calm
2023-03-06,calm
2023-03-08,calm
2023-03-09,calm
2023-03-10,calm
2023-03-13,calm
2023-03-14,calm
2023-03-15,calm
2023-03-16,calm
2023-03-17,calm
2023-03-20,calm
2023-03-21,calm
2023-03-22,calm
2023-03-23,calm
2023-03-24,calm
2023-03-27,calm
2023-03-28,calm
2023-03-29,calm
2023-03-31,stress
2023-04-03,calm
2023-04-05,calm
2023-04-06,calm
2023-04-10,calm
2023-04-11,calm
2023-04-12,calm
2023-04-13,calm
2023-04-17,calm
2023-04-18,calm
2023-04-19,calm
2023-04-20,calm
2023-04-21,calm
2023-04-24,calm
2023-04-25,calm
2023-04-26,calm
2023-04-27,calm
2023-04-28,calm
2023-05-02,calm
2023-05-03,calm
2023-05-04,calm
2023-05-05,calm
2023-05-08,calm
2023-05-09,calm
2023-05-10,calm
2023-05-11,calm
2023-05-12,calm
2023-05-15,calm
2023-05-16,calm
2023-05-17,calm
2023-05-18,calm
2023-05-19,calm
2023-05-22,calm
2023-05-23,calm
2023-05-24,calm
2023-05-25,calm
2023-05-26,calm
2023-05-29,calm
2023-05-30,calm
2023-05-31,calm
2023-06-01,calm
2023-06-02,calm
2023-06-05,calm
2023-06-06,calm
2023-06-07,calm
2023-06-08,calm
2023-06-09,calm
2023-06-12,calm
2023-06-13,calm
2023-06-14,calm
2023-06-15,calm
2023-06-16,calm
2023-06-19,calm
2023-06-20,calm
2023-06-21,calm
2023-06-22,calm
2023-06-23,calm
2023-06-26,calm
2023-06-27,calm
2023-06-28,calm
2023-06-30,calm
2023-07-03,calm
2023-07-04,calm
2023-07-05,calm
2023-07-06,calm
2023-07-07,calm
2023-07-10,calm
2023-07-11,calm
2023-07-12,calm
2023-07-13,calm
2023-07-14,calm
2023-07-17,calm
2023-07-18,calm
2023-07-19,calm
2023-07-20,calm
2023-07-21,calm
2023-07-24,calm
2023-07-25,calm
2023-07-26,calm
2023-07-27,calm
2023-07-28,calm
2023-07-31,calm
2023-08-01,calm
2023-08-02,calm
2023-08-03,calm
2023-08-04,calm
2023-08-07,calm
2023-08-08,calm
2023-08-09,calm
2023-08-10,calm
2023-08-11,calm
2023-08-14,calm
2023-08-16,calm
2023-08-17,calm
2023-08-18,calm
2023-08-21,calm
2023-08-22,calm
2023-08-23,calm
2023-08-24,calm
2023-08-25,calm
2023-08-28,calm
2023-08-29,calm
2023-08-30,calm
2023-08-31,calm
2023-09-01,calm
2023-09-04,calm
2023-09-05,calm
2023-09-06,calm
2023-09-07,calm
2023-09-08,calm
2023-09-11,calm
2023-09-12,calm
2023-09-13,calm
2023-09-14,calm
2023-09-15,calm
2023-09-18,calm
2023-09-20,calm
2023-09-21,calm
2023-09-22,calm
2023-09-25,calm
2023-09-26,calm
2023-09-27,calm
2023-09-28,calm
2023-09-29,calm
2023-10-03,calm
2023-10-04,calm
2023-10-05,calm
2023-10-06,calm
2023-10-09,calm
2023-10-10,calm
2023-10-11,calm
2023-10-12,calm
2023-10-13,calm
2023-10-16,calm
2023-10-17,calm
2023-10-18,calm
2023-10-19,calm
2023-10-20,calm
2023-10-23,calm
2023-10-25,calm
2023-10-26,calm
2023-10-27,calm
2023-10-30,calm
2023-10-31,calm
2023-11-01,calm
2023-11-02,calm
2023-11-03,calm
2023-11-06,calm
2023-11-07,calm
2023-11-08,calm
2023-11-09,calm
2023-11-10,calm
2023-11-13,calm
2023-11-15,calm
2023-11-16,calm
2023-11-17,calm
2023-11-20,calm
2023-11-21,calm
2023-11-22,calm
2023-11-23,calm
2023-11-24,calm
2023-11-28,calm
2023-11-29,calm
2023-11-30,calm
2023-12-01,calm
2023-12-04,calm
2023-12-05,calm
2023-12-06,calm
2023-12-07,calm
2023-12-08,calm
2023-12-11,calm
2023-12-12,calm
2023-12-13,calm
2023-12-14,calm
2023-12-15,calm
2023-12-18,calm
2023-12-19,calm
2023-12-20,calm
2023-12-21,calm
2023-12-22,calm
2023-12-26,calm
2023-12-27,calm
2023-12-28,calm
2023-12-29,calm
2024-01-01,calm
2024-01-02,calm
2024-01-03,calm
2024-01-04,calm
2024-01-05,calm
2024-01-08,calm
2024-01-09,calm
2024-01-10,calm
2024-01-11,calm
2024-01-12,calm
2024-01-15,calm
2024-01-16,calm
2024-01-17,calm
2024-01-18,calm
2024-01-19,calm
2024-01-23,calm
2024-01-24,calm
2024-01-25,calm
2024-01-29,stress
2024-01-30,calm
2024-01-31,calm
2024-02-01,calm
2024-02-02,calm
2024-02-05,calm
2024-02-06,stress
2024-02-07,calm
2024-02-08,calm
2024-02-09,calm
2024-02-12,calm
2024-02-13,calm
2024-02-14,calm
2024-02-15,calm
2024-02-16,calm
2024-02-19,calm
2024-02-20,calm
2024-02-21,calm
2024-02-22,calm
2024-02-23,calm
2024-02-26,calm
2024-02-27,calm
2024-02-28,calm
2024-02-29,calm
2024-03-01,calm
2024-03-04,calm
2024-03-05,calm
2024-03-06,calm
2024-03-07,calm
2024-03-11,calm
2024-03-12,calm
2024-03-13,calm
2024-03-14,calm
2024-03-15,calm
2024-03-18,calm
2024-03-19,calm
2024-03-20,calm
2024-03-21,calm
2024-03-22,calm
2024-03-26,calm
2024-03-27,calm
2024-03-28,calm
2024-04-01,calm
2024-04-02,calm
2024-04-03,calm
2024-04-04,calm
2024-04-05,calm
2024-04-08,calm
2024-04-09,calm
2024-04-10,calm
2024-04-12,calm
2024-04-15,calm
2024-04-16,calm
2024-04-18,calm
2024-04-19,calm
2024-04-22,calm
2024-04-23,calm
2024-04-24,calm
2024-04-25,calm
2024-04-26,calm
2024-04-29,calm
2024-04-30,calm
2024-05-02,calm
2024-05-03,calm
2024-05-06,calm
2024-05-07,calm
2024-05-08,calm
2024-05-09,calm
2024-05-10,calm
2024-05-13,calm
2024-05-14,calm
2024-05-15,calm
2024-05-16,calm
2024-05-17,calm
2024-05-21,calm
2024-05-22,calm
2024-05-23,calm
2024-05-24,calm
2024-05-27,calm
2024-05-28,calm
2024-05-29,calm
2024-05-30,calm
2024-05-31,calm
2024-06-03,stress
2024-06-04,normal
2024-06-05,stress
2024-06-06,stress
2024-06-07,stress
2024-06-10,stress
2024-06-11,stress
2024-06-12,stress
2024-06-13,stress
2024-06-14,stress
2024-06-18,stress
2024-06-19,stress
2024-06-20,stress
2024-06-21,stress
2024-06-24,stress
2024-06-25,stress
2024-06-26,stress
2024-06-27,stress
2024-06-28,stress
2024-07-01,stress
2024-07-02,stress
2024-07-03,calm
2024-07-04,calm
2024-07-05,calm
2024-07-08,calm
2024-07-09,calm
2024-07-10,calm
2024-07-11,calm
2024-07-12,calm
2024-07-15,calm
2024-07-16,calm
2024-07-18,calm
2024-07-19,calm
2024-07-22,calm
2024-07-23,calm
2024-07-24,calm
2024-07-25,calm
2024-07-26,calm
2024-07-29,calm
2024-07-30,calm
2024-07-31,calm
2024-08-01,calm
2024-08-02,calm
2024-08-05,normal
2024-08-06,calm
2024-08-07,calm
2024-08-08,calm
2024-08-09,calm
2024-08-12,calm
2024-08-13,calm
2024-08-14,calm
2024-08-16,calm
2024-08-19,calm
2024-08-20,calm
2024-08-21,calm
2024-08-22,calm
2024-08-23,calm
2024-08-26,calm
2024-08-27,calm
2024-08-28,calm
2024-08-29,calm
2024-08-30,calm
2024-09-02,calm
2024-09-03,calm
2024-09-04,calm
2024-09-05,calm
2024-09-06,calm
2024-09-09,calm
2024-09-10,calm
2024-09-11,calm
2024-09-12,calm
2024-09-13,calm
2024-09-16,calm
2024-09-17,calm
2024-09-18,calm
2024-09-19,calm
2024-09-20,calm
2024-09-23,calm
2024-09-24,calm
2024-09-25,calm
2024-09-26,calm
2024-09-27,calm
2024-09-30,calm
2024-10-01,calm
2024-10-03,normal
2024-10-04,calm
2024-10-07,calm
2024-10-08,calm
2024-10-09,calm
2024-10-10,calm
2024-10-11,calm
2024-10-14,calm
2024-10-15,calm
2024-10-16,calm
2024-10-17,calm
2024-10-18,calm
2024-10-21,calm
2024-10-22,calm
2024-10-23,calm
2024-10-24,calm
2024-10-25,calm
2024-10-28,calm
2024-10-29,calm
2024-10-30,calm
2024-10-31,calm
2024-11-01,calm
2024-11-04,calm
2024-11-05,calm
2024-11-06,calm
2024-11-07,calm
2024-11-08,calm
2024-11-11,calm
2024-11-12,calm
2024-11-13,calm
2024-11-14,calm
2024-11-18,calm
2024-11-19,calm
2024-11-21,calm
2024-11-22,stress
2024-11-25,stress
2024-11-26,calm
2024-11-27,calm
2024-11-28,normal
2024-11-29,calm
2024-12-02,calm
2024-12-03,stress
2024-12-04,calm
2024-12-05,stress
2024-12-06,calm
2024-12-09,calm
2024-12-10,calm
2024-12-11,calm
2024-12-12,calm
2024-12-13,calm
2024-12-16,calm
2024-12-17,calm
2024-12-18,calm
2024-12-19,calm
2024-12-20,calm
2024-12-23,calm
2024-12-24,calm
2024-12-26,calm
2024-12-27,calm
2024-12-30,calm
2024-12-31,calm
2025-01-01,calm
2025-01-02,calm
2025-01-03,calm
2025-01-06,calm
2025-01-07,calm
2025-01-08,calm
2025-01-09,calm
2025-01-10,calm
2025-01-13,calm
2025-01-14,calm
2025-01-15,calm
2025-01-16,calm
2025-01-17,calm
2025-01-20,calm
2025-01-21,calm
2025-01-22,calm
2025-01-23,calm
2025-01-24,calm
2025-01-27,calm
2025-01-28,calm
2025-01-29,calm
2025-01-30,calm
2025-01-31,calm
2025-02-01,calm
2025-02-03,calm
2025-02-04,stress
2025-02-05,calm
2025-02-06,calm
2025-02-07,calm
2025-02-10,calm
2025-02-11,normal
2025-02-12,calm
2025-02-13,normal
2025-02-14,calm
2025-02-17,calm
2025-02-18,calm
2025-02-19,calm
2025-02-20,normal
2025-02-21,normal
2025-02-24,normal
2025-02-25,normal
2025-02-27,normal
2025-02-28,normal
2025-03-03,normal
2025-03-04,normal
2025-03-05,normal
2025-03-06,normal
2025-03-07,normal
2025-03-10,normal
2025-03-11,normal
2025-03-12,normal
2025-03-13,normal
2025-03-17,normal
2025-03-18,normal
2025-03-19,stress
2025-03-20,stress
2025-03-21,calm
2025-03-24,calm
2025-03-25,calm
2025-03-26,calm
2025-03-27,calm
2025-03-28,calm
2025-04-01,normal
2025-04-02,calm
2025-04-03,normal
2025-04-04,normal
2025-04-07,normal
2025-04-08,stress
2025-04-09,normal
2025-04-11,stress
2025-04-15,stress
2025-04-16,stress
2025-04-17,stress
2025-04-21,stress
2025-04-22,stress
2025-04-23,stress
2025-04-24,stress
2025-04-25,stress
2025-04-28,stress
2025-04-29,stress
2025-04-30,stress
2025-05-02,stress
2025-05-05,stress
2025-05-06,stress
2025-05-07,stress
2025-05-08,calm
2025-05-09,calm
2025-05-12,stress
2025-05-13,normal
2025-05-14,stress
2025-05-15,stress
2025-05-16,stress
2025-05-19,stress
2025-05-20,stress
2025-05-21,stress
2025-05-22,stress
2025-05-23,stress
2025-05-26,stress
2025-05-27,stress
2025-05-28,stress
2025-05-29,stress
2025-05-30,stress
2025-06-02,stress
2025-06-03,stress
2025-06-04,stress
2025-06-05,stress
2025-06-06,stress
2025-06-09,calm
2025-06-10,calm
2025-06-11,calm
2025-06-12,calm
2025-06-13,calm
2025-06-16,calm
2025-06-17,calm
2025-06-18,calm
2025-06-19,calm
2025-06-20,calm
2025-06-23,calm
2025-06-24,calm
2025-06-25,calm
2025-06-26,calm
2025-06-27,calm
2025-06-30,calm
2025-07-01,calm
2025-07-02,calm
2025-07-03,calm
2025-07-04,calm
2025-07-07,calm
2025-07-08,calm
2025-07-09,calm
2025-07-10,calm
2025-07-11,calm
2025-07-14,calm
2025-07-15,calm
2025-07-16,calm
2025-07-17,calm
2025-07-18,calm
2025-07-21,calm
2025-07-22,calm
2025-07-23,calm
2025-07-24,calm
2025-07-25,calm
2025-07-28,calm
2025-07-29,calm
2025-07-30,calm
2025-07-31,calm
2025-08-01,calm
2025-08-04,calm
2025-08-05,calm
2025-08-06,calm
2025-08-07,calm
2025-08-08,calm
2025-08-11,calm
2025-08-12,calm
2025-08-13,calm
2025-08-14,calm
2025-08-18,calm
2025-08-19,calm
2025-08-20,calm
2025-08-21,calm
2025-08-22,calm
2025-08-25,calm
2025-08-26,calm
2025-08-28,calm
2025-08-29,calm
2025-09-01,calm
2025-09-02,calm
2025-09-03,calm
2025-09-04,calm
2025-09-05,calm
2025-09-08,calm
2025-09-09,calm
2025-09-10,calm
2025-09-11,calm
2025-09-12,calm
2025-09-15,calm
2025-09-16,calm
2025-09-17,calm
2025-09-18,calm
2025-09-19,calm
2025-09-22,calm
2025-09-23,calm
2025-09-24,calm
2025-09-25,calm
2025-09-26,calm
2025-09-29,calm
2025-09-30,calm
2025-10-01,calm
2025-10-03,calm
2025-10-06,calm
2025-10-07,calm
2025-10-08,calm
2025-10-09,calm
2025-10-10,calm
2025-10-13,calm
2025-10-14,calm
2025-10-15,calm
2025-10-16,calm
2025-10-17,calm
2025-10-20,calm
2025-10-21,calm
2025-10-23,calm
2025-10-24,calm
2025-10-27,calm
2025-10-28,calm
2025-10-29,calm
2025-10-30,calm
2025-10-31,calm
2025-11-03,calm
2025-11-04,calm
2025-11-06,calm
2025-11-07,calm
2025-11-10,calm
2025-11-11,calm
2025-11-12,calm
2025-11-13,calm
2025-11-14,calm
2025-11-17,calm
2025-11-18,calm
2025-11-19,calm
2025-11-20,calm
2025-11-21,calm
2025-11-24,calm
2025-11-25,calm
2025-11-26,calm
2025-11-27,calm
2025-11-28,calm
2025-12-01,calm
2025-12-02,calm
2025-12-03,calm
2025-12-04,calm
2025-12-05,calm
2025-12-08,calm
2025-12-09,calm
2025-12-10,calm
2025-12-11,calm
2025-12-12,calm
2025-12-15,calm
2025-12-16,calm
2025-12-17,calm
2025-12-18,calm
2025-12-19,calm
2025-12-22,calm
2025-12-23,calm
2025-12-24,calm
2025-12-26,calm
2025-12-29,calm
2025-12-30,calm
2025-12-31,calm
2026-01-01,calm
2026-01-02,calm
2026-01-05,calm
2026-01-06,calm
2026-01-07,calm
2026-01-08,calm
2026-01-09,calm
2026-01-12,calm
2026-01-13,calm
2026-01-14,calm
2026-01-15,calm
2026-01-16,calm
2026-01-19,calm
2026-01-20,calm
2026-01-21,calm
2026-01-22,calm
2026-01-23,calm
2026-01-27,calm
2026-01-28,calm
2026-01-29,calm
2026-01-30,calm
2026-02-02,calm
2026-02-03,stress
2026-02-04,calm
2026-02-05,calm
2026-02-06,calm
2026-02-09,calm
2026-02-10,calm
2026-02-11,calm
2026-02-12,calm
2026-02-13,normal
2026-02-16,calm
2026-02-17,calm
2026-02-18,calm
2026-02-19,calm
2026-02-20,calm
2026-02-23,calm
2026-02-24,normal
2026-02-25,stress
2026-02-26,normal
2026-02-27,normal
2026-03-02,normal
2026-03-04,normal
2026-03-05,stress
2026-03-06,normal
2026-03-09,normal
2026-03-10,normal
2026-03-11,normal
2026-03-12,normal
2026-03-13,normal
2026-03-16,normal
2026-03-17,normal
2026-03-18,normal
2026-03-19,normal
2026-03-20,normal
2026-03-23,normal
2026-03-24,stress
2026-03-25,stress
2026-03-27,normal
2026-03-30,normal
2026-04-01,stress
2026-04-02,stress
2026-04-06,stress
2026-04-07,stress
2026-04-08,stress
2026-04-09,stress
2026-04-10,stress
2026-04-13,stress
2026-04-15,stress
2026-04-16,stress
2026-04-17,stress
2026-04-20,stress
2026-04-21,stress
2026-04-22,normal
2026-04-23,normal
2026-04-24,normal
2026-04-27,stress
2026-04-28,stress
2026-04-29,stress
2026-04-30,normal
2026-05-01,normal
2026-05-04,stress
2026-05-05,normal
2026-05-06,stress
2026-05-07,normal
2026-05-08,normal
2026-05-11,normal
2026-05-12,normal
2026-05-13,normal
2026-05-14,normal
2026-05-15,normal
2026-05-18,normal
2026-05-19,normal
2026-05-20,normal
2026-05-21,normal
2026-05-22,normal
2026-05-25,normal
2026-05-26,normal
2026-05-27,normal
2026-05-28,normal
2026-05-29,normal
2026-06-01,normal
2026-06-02,normal
2026-06-03,normal
2026-06-04,normal
2026-06-05,normal
2026-06-08,normal
2026-06-09,normal
2026-06-10,normal
2026-06-11,normal
2026-06-12,stress
2026-06-15,normal
2026-06-16,normal
2026-06-17,normal
2026-06-18,normal
2026-06-19,normal
2026-06-22,normal
2026-06-23,normal
2026-06-24,stress
2026-06-25,normal
2026-06-26,normal
2026-06-29,normal
2026-06-30,normal
2026-07-01,normal
2026-07-02,normal
2026-07-03,normal
2026-07-06,normal
2026-07-07,normal
2026-07-08,normal
2026-07-09,normal
2026-07-10,normal
2026-07-13,normal
2026-07-14,normal
2026-07-15,normal
2026-07-16,normal
2026-07-17,stress
2026-07-20,normal
2026-07-21,normal
2026-07-22,normal
2026-07-23,normal
2026-07-24,normal
2026-07-27,normal
2026-07-28,normal
2026-07-29,stress
2026-07-30,normal
2026-07-31,normal
2026-08-03,stress
2026-08-04,normal
2026-08-05,normal
2026-08-06,normal
2026-08-07,normal
2026-08-10,normal
2026-08-11,normal
2026-08-12,normal
2026-08-13,normal
2026-08-14,normal
2026-08-17,normal
2026-08-18,normal
2026-08-19,normal
2026-08-20,normal
2026-08-21,normal
2026-08-24,normal
2026-08-25,normal
2026-08-26,normal
2026-08-27,normal
2026-08-28,normal
2026-08-31,normal
2026-09-01,normal
2026-09-02,normal
2026-09-03,normal
2026-09-04,normal
2026-09-07,normal
2026-09-08,normal
2026-09-09,normal
2026-09-10,normal
2026-09-11,normal
2026-09-14,normal
2026-09-15,normal
2026-09-16,normal
2026-09-17,normal
2026-09-18,normal
2026-09-21,normal
2026-09-22,normal
2026-09-23,normal
2026-09-24,normal
2026-09-25,normal
2026-09-28,normal
2026-09-29,normal
2026-09-30,normal
2026-10-01,normal
